name     ,  rank,   score, probability, sas_points, surf_atoms,   center_x,   center_y,   center_z, residue_ids, surf_atom_ids
pocket1  ,     1,    8.11,       0.432,         69,         28,     0.7132,    12.1314,   -35.6177, B_107 B_108 B_109 B_110 B_132 B_200 B_202 B_203 B_240 B_246 B_249 B_292 B_293, 3131 3134 3139 3140 3142 3144 3145 3146 3147 3148 3154 3312 3315 3316 3829 3843 3844 3851 4163 4166 4214 4215 4216 4237 4238 4239 4548 4557
pocket2  ,     2,    7.71,       0.408,         60,         26,   -23.4389,    -3.4339,   -26.5860, B_142 B_143 B_145 B_164 B_165 B_166 B_189 B_25 B_26 B_41 B_46 B_49, 2471 2472 2473 2476 2599 2602 2604 2605 2638 2662 2663 3395 3396 3397 3398 3399 3412 3413 3559 3567 3573 3574 3577 3578 3579 3757
pocket3  ,     3,    7.27,       0.379,         74,         38,     3.7934,   -14.4883,    -5.9592, A_107 A_108 A_109 A_110 A_132 A_200 A_201 A_202 A_203 A_240 A_245 A_246 A_249 A_292 A_293 A_294, 817 819 820 821 824 825 826 829 831 832 841 1002 1510 1514 1515 1516 1517 1529 1530 1537 1849 1850 1851 1853 1889 1890 1892 1900 1901 1902 1923 1924 1925 2234 2235 2242 2243 2248
pocket4  ,     4,    5.13,       0.236,         95,         41,     2.4930,    -1.1593,   -28.5605, A_283 A_284 A_4 B_137 B_197 B_198 B_199 B_237 B_238 B_283 B_284 B_286 B_287 B_288 B_289 B_290 B_3 B_5, 6 9 2163 2165 2167 2171 2307 2332 2333 2334 3358 3360 3804 3805 3806 3808 3810 3811 3812 3816 3821 4130 4142 4143 4479 4484 4485 4495 4497 4502 4508 4513 4514 4515 4521 4522 4523 4529 4530 4531 4532
pocket5  ,     5,    5.07,       0.231,         55,         25,    14.9429,    14.0536,    -0.9665, A_142 A_145 A_164 A_165 A_166 A_189 A_25 A_26 A_27 A_41 A_44 A_45 A_49, 156 158 159 162 170 173 285 288 290 310 315 316 349 350 1079 1082 1099 1245 1258 1259 1260 1263 1440 1441 1444
pocket6  ,     6,    5.04,       0.230,         44,         17,    -4.9197,    -9.6218,   -20.6673, A_210 A_214 A_282 A_291 A_299 A_300 A_4 B_138 B_139, 1 1597 1623 1624 1625 2158 2160 2161 2228 2291 2295 2302 3363 3364 3366 3369 3370
pocket7  ,     7,    3.84,       0.150,         49,         27,    -3.5423,    -6.7749,    -4.5764, A_104 A_106 A_110 A_111 A_151 A_152 A_153 A_158 A_292 A_294 A_295, 792 811 839 840 841 842 845 847 1136 1137 1138 1139 1143 1153 1154 1155 1193 2235 2236 2248 2249 2250 2251 2252 2253 2254 2261
pocket8  ,     8,    3.34,       0.118,         36,         31,    -1.2909,    14.0432,   -21.6124, A_123 A_124 B_110 B_127 B_151 B_152 B_153 B_294 B_295 B_298 B_299 B_6 B_7 B_8, 932 936 2338 2342 2345 2346 2348 2353 2354 2355 2356 2357 2358 3155 3280 3450 3451 3452 3453 3457 3468 3469 4563 4565 4567 4575 4597 4598 4608 4609 4610
pocket9  ,     9,    2.93,       0.094,         52,         28,     5.7759,    -3.5407,   -19.7898, A_207 A_282 A_284 A_286 A_288 A_290 A_291 A_5 B_282 B_283 B_284 B_3 B_4, 12 16 18 20 1567 2160 2170 2171 2183 2197 2198 2199 2200 2201 2216 2218 2225 2227 2307 2320 2321 2323 4471 4477 4478 4479 4484 4485
pocket10 ,    10,    2.01,       0.043,         30,         19,     6.7942,    11.1214,   -12.9487, A_118 A_139 A_140 A_141 B_298 B_299 B_3 B_4 B_6, 901 902 1053 1054 1055 1058 1059 1063 1068 1072 2312 2318 2341 2342 4594 4603 4604 4605 4606
pocket11 ,    11,    1.41,       0.018,         24,         16,    -6.6065,    17.7666,     0.1823, A_14 A_15 A_17 A_18 A_31 A_70 A_71 A_95 A_96 A_97, 81 88 89 90 100 110 204 206 524 525 526 527 714 722 729 730
